{
  "appId": "com.wikand3ti.nori",
  "appName": "Nori - Aplikasi Antrian",
  "bundledWebRuntime": false,
  "npmClient": "npm",
  "webDir": "build",
  "cordova": {},
  "plugins": {
    "SplashScreen": {
      "launchShowDuration": 3000,
      "launchAutoHide": true,
      "backgroundColor": "#ffffffff",
      "androidSplashResourceName": "screen",
      "androidScaleType": "CENTER_CROP",
      "androidSpinnerStyle": "large",
      "iosSpinnerStyle": "small",
      "spinnerColor": "#999999",
      "showSpinner": false,
      "splashFullScreen": false,
      "splashImmersive": true
    }
  }
}